"route","methods","file","lines","auth","models","services","dynamic"
"/api/accounting/accounts","GET|POST","app/api/accounting/accounts/route.ts","85","","accountingAccount","@/lib/accounting/data/dbService;@/lib/accounting/rbac/apiAuth;@/lib/prisma;@/lib/server/httpCacheHeaders;@/lib/api-guard","false"
"/api/accounting/ai/scan-invoice","POST","app/api/accounting/ai/scan-invoice/route.ts","47","","","@/lib/accounting/ai/invoiceOcrEngine;@/lib/accounting/ai/pdfTextExtract;@/lib/accounting/rbac/apiAuth","false"
"/api/accounting/ai/suggest-entry","POST","app/api/accounting/ai/suggest-entry/route.ts","41","","","@/lib/accounting/data/dbService;@/lib/accounting/ai/suggestEntryEngine;@/lib/accounting/rbac/apiAuth;@/lib/accounting/domain/types","false"
"/api/accounting/audit","GET","app/api/accounting/audit/route.ts","51","","accountingAuditLog","@/lib/prisma;@/lib/accounting/rbac/apiAuth;@/lib/api-guard","false"
"/api/accounting/bank-reconciliation","GET|POST","app/api/accounting/bank-reconciliation/route.ts","61","","","@/lib/accounting/data/dbService;@/lib/accounting/reports/bankReconciliation;@/lib/accounting/rbac/apiAuth","false"
"/api/accounting/data","GET","app/api/accounting/data/route.ts","83","","","@/lib/accounting/data/dbService","false"
"/api/accounting/documents/[id]/approve","POST","app/api/accounting/documents/[id]/approve/route.ts","44","","","@/lib/accounting/rbac/apiAuth;@/lib/accounting/data/dbService;@/lib/accounting/rules/dbPostingRules","false"
"/api/accounting/documents/[id]/cancel","POST","app/api/accounting/documents/[id]/cancel/route.ts","26","","","@/lib/accounting/rbac/apiAuth;@/lib/accounting/data/dbService","false"
"/api/accounting/documents/[id]","GET|PATCH","app/api/accounting/documents/[id]/route.ts","68","","","@/lib/accounting/data/dbService;@/lib/accounting/rbac/apiAuth","true"
"/api/accounting/documents","GET|POST","app/api/accounting/documents/route.ts","98","","","@/lib/accounting/data/dbService;@/lib/accounting/rules/dbPostingRules;@/lib/accounting/rbac/apiAuth;@/lib/server/httpCacheHeaders","false"
"/api/accounting/forecast","GET","app/api/accounting/forecast/route.ts","139","","","@/lib/accounting/data/dbService;@/lib/accounting/rbac/apiAuth","false"
"/api/accounting/journal/[id]/approve","POST","app/api/accounting/journal/[id]/approve/route.ts","26","","","@/lib/accounting/rbac/apiAuth;@/lib/accounting/data/dbService","false"
"/api/accounting/journal/[id]/cancel","POST","app/api/accounting/journal/[id]/cancel/route.ts","26","","","@/lib/accounting/rbac/apiAuth;@/lib/accounting/data/dbService","false"
"/api/accounting/journal","GET|POST","app/api/accounting/journal/route.ts","71","","","@/lib/accounting/data/dbService;@/lib/accounting/rbac/apiAuth;@/lib/server/httpCacheHeaders","false"
"/api/accounting/periods","GET|POST","app/api/accounting/periods/route.ts","53","","","@/lib/accounting/data/dbService;@/lib/accounting/rbac/apiAuth;@/lib/api-guard","false"
"/api/accounting/reports","GET","app/api/accounting/reports/route.ts","224","","","@/lib/accounting/data/dbService;@/lib/accounting/rbac/apiAuth","false"
"/api/accounting/reports/vat-export","GET","app/api/accounting/reports/vat-export/route.ts","70","","","@/lib/accounting/data/dbService;@/lib/accounting/reports/vatFtaExport;@/lib/accounting/rbac/apiAuth;@/lib/server/repositories/appSettingsRepo","false"
"/api/accounting/sync-bookings","POST","app/api/accounting/sync-bookings/route.ts","24","","","@/lib/accounting/rbac/apiAuth;@/lib/accounting/data/dbService","false"
"/api/address-book/bulk","POST","app/api/address-book/bulk/route.ts","70","requireAuth;requireRoles","addressBookContact","@/lib/prisma;@/lib/auth/guard;@/lib/server/syncUserToAddressBook","false"
"/api/address-book","GET|POST","app/api/address-book/route.ts","268","getServerSession;authOptions","user;addressBookContact","@/lib/auth;@/lib/prisma;@/lib/auth/getAuthSubFromRequest;@/lib/server/addressBookIdentity;@/lib/server/addressBookDedupe;@/lib/server/httpCacheHeaders;@/lib/server/syncUserToAddressBook;@/lib/server/applyUserIdentityToContactJson;@/lib/server/addressBookDbCompat","true"
"/api/admin/address-book/bulk-ensure-from-users","POST","app/api/admin/address-book/bulk-ensure-from-users/route.ts","61","requireAuth;requireRoles","user","@/lib/prisma;@/lib/auth/guard;@/lib/server/ensureAddressBookForUser","false"
"/api/admin/address-book/import-csv","POST","app/api/admin/address-book/import-csv/route.ts","29","requireAuth;requireRoles","","@/lib/auth/guard;@/lib/server/importAddressBookCsv","true"
"/api/admin/address-book/merge-duplicates","GET|POST","app/api/admin/address-book/merge-duplicates/route.ts","40","requireAuth;requireRoles","","@/lib/auth/guard;@/lib/server/mergeAddressBookDuplicates","true"
"/api/admin/address-book/sync-from-bookings","POST","app/api/admin/address-book/sync-from-bookings/route.ts","23","requireAuth;requireRoles","","@/lib/auth/guard;@/lib/server/syncBookingsToAddressBook","true"
"/api/admin/contact-submissions/[id]","PATCH","app/api/admin/contact-submissions/[id]/route.ts","37","requireAuth;requireRoles","contactSubmission","@/lib/prisma;@/lib/auth/guard","true"
"/api/admin/contact-submissions","GET","app/api/admin/contact-submissions/route.ts","62","requireAuth;requireRoles","contactSubmission","@/lib/prisma;@/lib/auth/guard;@/lib/server/pagination;@/lib/server/piiField","true"
"/api/admin/dashboard-insights","GET","app/api/admin/dashboard-insights/route.ts","166","requireAuth;requireRoles","property;project;user;bookingStorage;subscription;contactSubmission;maintenanceRequest","@/lib/auth/guard;@/lib/prisma;@/lib/server/paymentGateway;@/lib/server/legacyBookingSettingsCleanup;@/lib/admin/dashboardInsights;@/lib/server/repositories/bookingStorageRepo","true"
"/api/admin/data/backup","POST","app/api/admin/data/backup/route.ts","72","","","@/lib/prisma;@/lib/server/dataBackupSnapshot;@/lib/server/adminDataPin;@/lib/server/authSecret","true"
"/api/admin/data/change-pin","POST","app/api/admin/data/change-pin/route.ts","64","","","@/lib/server/adminDataPin;@/lib/server/authSecret","true"
"/api/admin/data/pin-status","GET","app/api/admin/data/pin-status/route.ts","53","","","@/lib/server/adminDataPin;@/lib/server/authSecret","true"
"/api/admin/data/reset","POST","app/api/admin/data/reset/route.ts","76","","","@/lib/prisma;@/lib/server/dataResetKeepProperties;@/lib/server/adminDataPin;@/lib/server/authSecret","true"
"/api/admin/data/restore","POST","app/api/admin/data/restore/route.ts","87","","","@/lib/prisma;@/lib/server/dataBackupSnapshot;@/lib/server/adminDataPin;@/lib/server/authSecret","true"
"/api/admin/impersonate-session","POST","app/api/admin/impersonate-session/route.ts","62","","user","@/lib/prisma;@/lib/server/authSecret","false"
"/api/admin/legacy-booking-settings","GET|POST","app/api/admin/legacy-booking-settings/route.ts","83","requireAuth;requireRoles","","@/lib/auth/guard;@/lib/server/legacyBookingSettingsCleanup","true"
"/api/admin/legacy-bridge/address-book/contact/[contactId]","GET","app/api/admin/legacy-bridge/address-book/contact/[contactId]/route.ts","38","requireAuth","","@/lib/auth/guard;@/lib/auth/roles;@/lib/server/legacyBridge","true"
"/api/admin/legacy-bridge/address-book/files/[id]","GET","app/api/admin/legacy-bridge/address-book/files/[id]/route.ts","50","requireAuth","addressBookContactFile","@/lib/auth/guard;@/lib/auth/roles;@/lib/prisma","true"
"/api/admin/legacy-bridge/address-book/print","GET","app/api/admin/legacy-bridge/address-book/print/route.ts","61","requireAuth","addressBookContact","@/lib/auth/guard;@/lib/auth/roles;@/lib/data/addressBook;@/lib/prisma;@/lib/server/addressBookPrint;@/lib/server/legacyBridge;@/lib/server/addressBookDbCompat","true"
"/api/admin/legacy-bridge/address-book/sync","POST","app/api/admin/legacy-bridge/address-book/sync/route.ts","53","requireAuth","","@/lib/auth/guard;@/lib/auth/roles;@/lib/server/legacyBridge","true"
"/api/admin/legacy-bridge/address-book/upload","POST","app/api/admin/legacy-bridge/address-book/upload/route.ts","60","requireAuth","","@/lib/auth/guard;@/lib/auth/roles;@/lib/server/addressBookContactFiles","true"
"/api/admin/legacy-bridge/address-book/wipe","POST","app/api/admin/legacy-bridge/address-book/wipe/route.ts","55","requireAuth","","@/lib/auth/guard;@/lib/auth/roles;@/lib/server/legacyBridge","true"
"/api/admin/legacy-bridge/bootstrap","GET","app/api/admin/legacy-bridge/bootstrap/route.ts","39","requireAuth","","@/lib/auth/guard;@/lib/server/legacyBridge;@/lib/auth/roles","true"
"/api/admin/legacy-bridge/contract-statuses","GET","app/api/admin/legacy-bridge/contract-statuses/route.ts","45","requireAuth","","@/lib/auth/guard;@/lib/auth/roles;@/lib/server/contractLifecycle","true"
"/api/admin/legacy-bridge/data-health","GET","app/api/admin/legacy-bridge/data-health/route.ts","106","requireAuth","legacyAppKvStore;legacyStoredFile;addressBookContact;addressBookContactFile;user;maintenanceRequest;bookingStorage;contractStorage;accountingAccount;accountingJournalEntry","@/lib/auth/guard;@/lib/auth/roles;@/lib/prisma;@/lib/server/legacyKvKeys","true"
"/api/admin/legacy-bridge/files/[id]","GET","app/api/admin/legacy-bridge/files/[id]/route.ts","63","requireAuth","legacyStoredFile;addressBookContactFile","@/lib/auth/guard;@/lib/auth/roles;@/lib/prisma","true"
"/api/admin/legacy-bridge/files/upload","POST","app/api/admin/legacy-bridge/files/upload/route.ts","75","requireAuth","","@/lib/auth/guard;@/lib/auth/roles;@/lib/server/legacyStoredFiles","true"
"/api/admin/legacy-bridge/kv/bulk","POST","app/api/admin/legacy-bridge/kv/bulk/route.ts","41","requireAuth","","@/lib/auth/guard;@/lib/auth/roles;@/lib/server/legacyKvStore","true"
"/api/admin/legacy-bridge/kv/clear-keys","POST","app/api/admin/legacy-bridge/kv/clear-keys/route.ts","33","requireAuth","","@/lib/auth/guard;@/lib/auth/roles;@/lib/server/legacyKvStore;@/lib/server/legacyKvKeys","true"
"/api/admin/legacy-bridge/kv/extract-blobs","POST","app/api/admin/legacy-bridge/kv/extract-blobs/route.ts","51","requireAuth","legacyAppKvStore","@/lib/auth/guard;@/lib/auth/roles;@/lib/prisma;@/lib/server/legacyStoredFiles","true"
"/api/admin/legacy-bridge/kv","GET","app/api/admin/legacy-bridge/kv/route.ts","41","requireAuth","","@/lib/auth/guard;@/lib/auth/roles;@/lib/server/legacyKvStore","true"
"/api/admin/legacy-bridge/kv/wipe-all-except","POST","app/api/admin/legacy-bridge/kv/wipe-all-except/route.ts","33","requireAuth","","@/lib/auth/guard;@/lib/auth/roles;@/lib/server/legacyKvStore;@/lib/server/legacyKvKeys","true"
"/api/admin/legacy-bridge/operational-repair","GET|POST","app/api/admin/legacy-bridge/operational-repair/route.ts","84","requireAuth","","@/lib/auth/guard;@/lib/auth/roles;@/lib/server/legacyOperationalRepair","true"
"/api/admin/legacy-real-estate/[[...path]]","GET","app/api/admin/legacy-real-estate/[[...path]]/route.ts","179","requireAuth","","@/lib/auth/guard;@/lib/server/legacyBridge;@/lib/server/legacyRealEstateFiles;@/lib/auth/roles","true"
"/api/admin/maintenance-requests/[id]","PATCH","app/api/admin/maintenance-requests/[id]/route.ts","68","requireAuth;requireRoles","maintenanceRequest","@/lib/prisma;@/lib/auth/guard;@/lib/server/notifications","true"
"/api/admin/maintenance-requests","GET|POST","app/api/admin/maintenance-requests/route.ts","110","requireAuth;requireRoles","maintenanceRequest","@/lib/prisma;@/lib/auth/guard;@/lib/server/pagination","true"
"/api/admin/migrate-serials-bhd","POST","app/api/admin/migrate-serials-bhd/route.ts","50","requireAuth;requireRoles","","@/lib/auth/guard;@/lib/server/migrateSerialsToBhd","true"
"/api/admin/payment-gateway","GET","app/api/admin/payment-gateway/route.ts","102","requireAuth;requireRoles","accountingJournalEntry","@/lib/auth/guard;@/lib/server/paymentGateway;@/lib/payment/manager;@/lib/payment/accounting-link;@/lib/prisma","true"
"/api/admin/plans","GET","app/api/admin/plans/route.ts","125","","","@/lib/server/authSecret;@/lib/prisma;@/lib/server/httpCacheHeaders","true"
"/api/admin/production-readiness","GET","app/api/admin/production-readiness/route.ts","64","requireAuth;requireRoles","","@/lib/auth/guard;@/lib/server/paymentGateway;@/lib/server/legacyBookingSettingsCleanup;@/lib/prisma","true"
"/api/admin/projects","GET|POST","app/api/admin/projects/route.ts","133","requireAuth;requireRoles","project","@/lib/prisma;@/lib/auth/guard;@/lib/server/ensureEntitySerials;@/lib/server/serialNumbers;@/lib/server/httpCacheHeaders","false"
"/api/admin/properties/[id]","PATCH","app/api/admin/properties/[id]/route.ts","86","dataScope;adminPermissions","property;organization;user","@/lib/server/authSecret;@/lib/prisma;@/lib/auth/adminPermissions","false"
"/api/admin/properties","GET","app/api/admin/properties/route.ts","109","requireAuth;dataScope;adminPermissions","property","@/lib/prisma;@/lib/auth/adminPermissions;@/lib/auth/guard;@/lib/server/httpCacheHeaders;@/lib/server/ensureEntitySerials","false"
"/api/admin/real-estate-dashboard/calendar","GET","app/api/admin/real-estate-dashboard/calendar/route.ts","57","requireAuth","","@/lib/auth/guard;@/lib/auth/roles;@/lib/server/legacyKvStore;@/lib/real-estate/dashboardCalendar","true"
"/api/admin/real-estate-dashboard/contracts","GET","app/api/admin/real-estate-dashboard/contracts/route.ts","49","requireAuth","","@/lib/auth/guard;@/lib/auth/roles;@/lib/real-estate/buildSavedContractsList;@/lib/server/legacyKvStore","true"
"/api/admin/real-estate-dashboard/reservations","GET","app/api/admin/real-estate-dashboard/reservations/route.ts","48","requireAuth","","@/lib/auth/guard;@/lib/auth/roles;@/lib/real-estate/buildReservationsList;@/lib/server/legacyKvStore","true"
"/api/admin/real-estate-dashboard/summary","GET","app/api/admin/real-estate-dashboard/summary/route.ts","45","requireAuth","","@/lib/auth/guard;@/lib/auth/roles;@/lib/server/legacyKvStore;@/lib/real-estate/dashboardKvKeys;@/lib/real-estate/dashboardStats","true"
"/api/admin/real-estate-dashboard/unit-contract","GET|POST","app/api/admin/real-estate-dashboard/unit-contract/route.ts","194","requireAuth","","@/lib/auth/guard;@/lib/auth/roles;@/lib/server/legacyKvStore;@/lib/server/unitContractDraftWrite;@/lib/server/unitContractActivate;@/lib/real-estate/buildOperationsUnits;@/lib/real-estate/unitContractWorkspace;@/lib/real-estate/kvParse","true"
"/api/admin/real-estate-dashboard/unit-detail","GET","app/api/admin/real-estate-dashboard/unit-detail/route.ts","57","requireAuth","","@/lib/auth/guard;@/lib/auth/roles;@/lib/server/legacyKvStore;@/lib/real-estate/unitDetailExtras;@/lib/real-estate/unitLedger","true"
"/api/admin/real-estate-dashboard/units","GET","app/api/admin/real-estate-dashboard/units/route.ts","48","requireAuth","","@/lib/auth/guard;@/lib/auth/roles;@/lib/server/legacyKvStore;@/lib/real-estate/buildOperationsUnits","true"
"/api/admin/restore-session","GET","app/api/admin/restore-session/route.ts","76","","user","@/lib/server/authSecret;@/lib/impersonate;@/lib/prisma","false"
"/api/admin/return-token","GET","app/api/admin/return-token/route.ts","32","","","@/lib/server/authSecret;@/lib/impersonate","false"
"/api/admin/security/audit","GET","app/api/admin/security/audit/route.ts","46","requireAuth;requireRoles","auditLog","@/lib/auth/guard;@/lib/prisma","true"
"/api/admin/security/posture","GET","app/api/admin/security/posture/route.ts","51","requireAuth;requireRoles;secret/bearer","","@/lib/auth/guard;@/lib/server/paymentGateway;@/lib/server/upstashRedis","true"
"/api/admin/security/totp","GET|POST","app/api/admin/security/totp/route.ts","67","requireAuth;requireRoles","","@/lib/auth/guard;@/lib/server/adminTotp","false"
"/api/admin/users/[id]/ensure-address-book","POST","app/api/admin/users/[id]/ensure-address-book/route.ts","86","requireAuth;requireRoles","user;addressBookContact","@/lib/prisma;@/lib/auth/guard;@/lib/server/syncUserToAddressBook;@/lib/server/ensureAddressBookForUser;@/lib/server/applyUserIdentityToContactJson","false"
"/api/admin/users/[id]/impersonate","POST","app/api/admin/users/[id]/impersonate/route.ts","38","getServerSession;authOptions","user","@/lib/auth;@/lib/prisma;@/lib/impersonate","false"
"/api/admin/users/[id]/linked-contact","GET","app/api/admin/users/[id]/linked-contact/route.ts","75","requireAuth;requireRoles","user;addressBookContact","@/lib/auth/guard;@/lib/prisma;@/lib/server/syncUserToAddressBook;@/lib/server/ensureAddressBookForUser;@/lib/server/applyUserIdentityToContactJson","false"
"/api/admin/users/[id]/reset-password","POST","app/api/admin/users/[id]/reset-password/route.ts","47","getServerSession;authOptions","user","@/lib/auth;@/lib/prisma","false"
"/api/admin/users/[id]","GET|PATCH","app/api/admin/users/[id]/route.ts","181","","user","@/lib/prisma;@/lib/server/ensureAddressBookForUser;@/lib/server/serialNumbers;@/lib/server/authSecret;@/lib/server/prismaUserPhoneExtension","false"
"/api/admin/users/create-from-contact","POST","app/api/admin/users/create-from-contact/route.ts","119","requireAuth;requireRoles","user","@/lib/prisma;@/lib/auth/guard;@/lib/subscriptions/entitlements;@/lib/audit;@/lib/server/serialNumbers;@/lib/server/ensureAddressBookForUser","false"
"/api/admin/users/fix-serial","POST","app/api/admin/users/fix-serial/route.ts","111","requireAuth;requireRoles","user;serialCounter","@/lib/prisma;@/lib/auth/guard;@/lib/server/serialNumbers","false"
"/api/admin/users","GET","app/api/admin/users/route.ts","265","requireAuth","user;subscription","@/lib/prisma;@/lib/auth/guard","false"
"/api/archive/restore","GET|POST","app/api/archive/restore/route.ts","40","","","@/lib/server/authSecret;@/lib/archive","false"
"/api/archive","GET|POST","app/api/archive/route.ts","48","","","@/lib/server/authSecret;@/lib/archive","false"
"/api/archive/search","GET|POST","app/api/archive/search/route.ts","46","","","@/lib/server/authSecret;@/lib/archive","false"
"/api/audit/log","POST","app/api/audit/log/route.ts","40","","","@/lib/audit;@/lib/server/authSecret","false"
"/api/auth/[...nextauth]","","app/api/auth/[...nextauth]/route.ts","7","authOptions","","@/lib/auth","false"
"/api/auth/admin-entry","GET","app/api/auth/admin-entry/route.ts","25","","","","false"
"/api/auth/bhd/callback","GET","app/api/auth/bhd/callback/route.ts","88","adminPermissions","","@/lib/bhd/identity;@/lib/bhd/nextAuthCookie;@/lib/server/bhdOidcUser","false"
"/api/auth/bhd/logout","GET","app/api/auth/bhd/logout/route.ts","23","","","@/lib/bhd/identity;@/lib/bhd/nextAuthCookie","false"
"/api/auth/bhd/start","GET","app/api/auth/bhd/start/route.ts","52","","","@/lib/bhd/identity","false"
"/api/auth/me","GET","app/api/auth/me/route.ts","52","adminPermissions","","@/lib/server/authSecret;@/lib/bhd/session;@/lib/bhd/nextAuthCookie","true"
"/api/auth/register","POST","app/api/auth/register/route.ts","98","rateLimit","user","@/lib/prisma;@/lib/server/serialNumbers;@/lib/server/ensureAddressBookForUser;@/lib/rate-limit;@/lib/security;@/lib/server/prismaUserPhoneExtension;@/lib/server/userPhoneCrypto","false"
"/api/auth/set-impersonate","GET","app/api/auth/set-impersonate/route.ts","35","","","","false"
"/api/bookings/[id]/confirm-receipt","POST","app/api/bookings/[id]/confirm-receipt/route.ts","87","dataScope;adminPermissions","bookingStorage;accountingDocument","@/lib/server/authSecret;@/lib/prisma;@/lib/auth/adminPermissions;@/lib/server/bookingStorageCrypto","false"
"/api/bookings/payment/complete","GET","app/api/bookings/payment/complete/route.ts","29","requireAuth","","@/lib/auth/guard;@/lib/server/completePendingPayment","false"
"/api/bookings/payment/initiate","POST","app/api/bookings/payment/initiate/route.ts","60","requireAuth","","@/lib/auth/guard;@/lib/server/paymentGateway;@/lib/server/repositories/paymentPendingRepo","false"
"/api/bookings/pending-confirmation","GET","app/api/bookings/pending-confirmation/route.ts","65","dataScope;adminPermissions","bookingStorage","@/lib/server/authSecret;@/lib/prisma;@/lib/auth/adminPermissions","false"
"/api/bookings/public-contract-access","GET|PATCH","app/api/bookings/public-contract-access/route.ts","132","originCheck;rateLimit","","@/lib/server/publicContractAccess;@/lib/server/publicContractContactSync;@/lib/server/requestOrigin;@/lib/rate-limit;@/lib/data/bookingDocuments;@/lib/data/bookingChecks","false"
"/api/bookings/public-receipt","GET","app/api/bookings/public-receipt/route.ts","30","","","@/lib/server/publicContractAccess","false"
"/api/bookings/public-upload-access","GET|PATCH","app/api/bookings/public-upload-access/route.ts","103","originCheck","","@/lib/server/bookingDocumentsServer;@/lib/server/requestOrigin","false"
"/api/bookings","GET|POST","app/api/bookings/route.ts","209","requireAuth;requireRoles;dataScope;adminPermissions","bookingStorage;user;property","@/lib/prisma;@/lib/auth/adminPermissions;@/lib/auth/guard;@/lib/server/persistBooking;@/lib/accounting/data/dbService;@/lib/data/ownerLandlordMatch;@/lib/server/httpCacheHeaders;@/lib/server/serialNumbers;@/lib/server/pagination;@/lib/server/bookingStorageDenorm;@/lib/server/repositories/bookingStorageRepo;@/lib/server/bookingStorageCrypto","false"
"/api/check-db","GET","app/api/check-db/route.ts","32","","","@/lib/prisma;@/lib/server/adminAccess","false"
"/api/check-env","GET","app/api/check-env/route.ts","53","secret/bearer","","@/lib/server/paymentGateway;@/lib/server/adminAccess","false"
"/api/contact-submissions","POST","app/api/contact-submissions/route.ts","62","rateLimit","contactSubmission","@/lib/prisma;@/lib/rate-limit;@/lib/server/piiField","true"
"/api/contracts/[id]","GET|PATCH","app/api/contracts/[id]/route.ts","141","requireAuth","bookingStorage","@/lib/auth/guard;@/lib/server/bookingContractGate;@/lib/server/repositories/contractStorageRepo;@/lib/server/syncContractBookingStorage;@/lib/prisma","false"
"/api/contracts","GET|POST","app/api/contracts/route.ts","132","requireAuth","bookingStorage","@/lib/auth/guard;@/lib/server/httpCacheHeaders;@/lib/server/bookingContractGate;@/lib/server/pagination;@/lib/server/repositories/bookingStorageRepo;@/lib/server/repositories/contractStorageRepo;@/lib/server/syncContractBookingStorage;@/lib/prisma","false"
"/api/cron/auto-archive","GET","app/api/cron/auto-archive/route.ts","19","secret/bearer","","@/lib/archive;@/lib/server/bearerAuth;@/lib/server/envValidation","false"
"/api/cron/legacy-operational-repair","GET","app/api/cron/legacy-operational-repair/route.ts","38","secret/bearer","","@/lib/server/bearerAuth;@/lib/server/envValidation;@/lib/server/legacyOperationalRepair","true"
"/api/debug-auth","GET","app/api/debug-auth/route.ts","52","","user","@/lib/prisma","false"
"/api/health","GET","app/api/health/route.ts","13","","","","false"
"/api/kv/bulk","","app/api/kv/bulk/route.ts","2","","","","false"
"/api/kv/clear-keys","","app/api/kv/clear-keys/route.ts","2","","","","false"
"/api/kv","GET","app/api/kv/route.ts","37","","","@/lib/server/legacyKvStore;@/lib/server/legacyKvApiAuth","true"
"/api/kv/wipe-all-except","","app/api/kv/wipe-all-except/route.ts","2","","","","false"
"/api/login","POST","app/api/login/route.ts","150","rateLimit","user","@/lib/prisma;@/lib/server/authSecret;@/lib/server/clientIp;@/lib/rate-limit;@/lib/security;@/lib/server/loginLockoutStore;@/lib/server/adminTotp","false"
"/api/me/accounting-documents/[id]","GET","app/api/me/accounting-documents/[id]/route.ts","44","","","@/lib/server/syncUserToAddressBook;@/lib/accounting/data/dbService;@/lib/auth/getAuthSubFromRequest;@/lib/server/httpCacheHeaders","true"
"/api/me/accounting-documents","GET","app/api/me/accounting-documents/route.ts","50","","","@/lib/accounting/data/dbService;@/lib/server/syncUserToAddressBook;@/lib/server/httpCacheHeaders;@/lib/server/authSecret","true"
"/api/me/maintenance-requests","GET|POST","app/api/me/maintenance-requests/route.ts","142","requireAuth;requireRoles","maintenanceRequest;user","@/lib/prisma;@/lib/auth/guard;@/lib/server/pagination","true"
"/api/me/notifications/[id]","PATCH","app/api/me/notifications/[id]/route.ts","35","requireAuth","","@/lib/auth/guard;@/lib/server/notifications","true"
"/api/me/notifications/read-all","PATCH","app/api/me/notifications/read-all/route.ts","23","requireAuth","","@/lib/auth/guard;@/lib/server/notifications","true"
"/api/me/notifications","GET","app/api/me/notifications/route.ts","53","requireAuth","","@/lib/auth/guard;@/lib/server/notifications;@/lib/server/httpCacheHeaders;@/lib/server/pagination","true"
"/api/me/portal-insights","GET","app/api/me/portal-insights/route.ts","91","requireAuth","notification;maintenanceRequest;subscription;bookingStorage","@/lib/auth/guard;@/lib/prisma;@/lib/admin/dashboardInsights","true"
"/api/media","GET","app/api/media/route.ts","42","","","@/lib/api-guard","false"
"/api/payment/config","GET|POST|PUT|DELETE","app/api/payment/config/route.ts","288","requireAuth;requireRoles","accountingJournalEntry;paymentGatewayConfig","@/lib/auth/guard;@/lib/prisma;@/lib/payment/credentials","true"
"/api/payment/providers","GET","app/api/payment/providers/route.ts","33","","","@/lib/payment/manager","false"
"/api/payment","POST|GET","app/api/payment/route.ts","126","requireAuth","","@/lib/auth/guard;@/lib/payment/manager;@/lib/payment/credentials","false"
"/api/payment/test","POST","app/api/payment/test/route.ts","237","requireAuth;requireRoles;secret/bearer","paymentGatewayConfig","@/lib/auth/guard;@/lib/prisma","true"
"/api/payment/thawani","POST|GET","app/api/payment/thawani/route.ts","79","requireAuth","","@/lib/auth/guard;@/lib/payment/manager","false"
"/api/plans/[id]","PATCH","app/api/plans/[id]/route.ts","154","","","@/lib/server/authSecret;@/lib/prisma","true"
"/api/plans/init","POST","app/api/plans/init/route.ts","56","","plan","@/lib/server/authSecret;@/lib/prisma;@/lib/featurePermissions","false"
"/api/plans","GET","app/api/plans/route.ts","51","","plan","@/lib/prisma;@/lib/server/httpCacheHeaders","true"
"/api/portal/alert","GET|PUT","app/api/portal/alert/route.ts","74","requireAuth","tenantAlert","@/lib/auth/guard;@/lib/prisma","false"
"/api/portal/auto-account","POST|GET","app/api/portal/auto-account/route.ts","138","requireAuth;requireRoles","user;autoUserAccount","@/lib/auth/guard;@/lib/prisma;@/lib/server/serialNumbers;@/lib/server/ensureAddressBookForUser;@/lib/audit","false"
"/api/portal/owner-v2","GET","app/api/portal/owner-v2/route.ts","87","requireAuth;requireRoles","user;property;dueAmount;tenantScore","@/lib/auth/guard;@/lib/prisma;@/lib/portal/contractsForUser","false"
"/api/portal/owner","GET","app/api/portal/owner/route.ts","75","requireAuth;requireRoles","user;property","@/lib/auth/guard;@/lib/prisma;@/lib/portal/contractsForUser","false"
"/api/portal/signature","POST|PUT","app/api/portal/signature/route.ts","113","requireAuth","smartSignature","@/lib/auth/guard;@/lib/prisma","false"
"/api/portal/task","GET|PUT","app/api/portal/task/route.ts","78","requireAuth","tenantTask","@/lib/auth/guard;@/lib/prisma","false"
"/api/portal/tenant-score","GET","app/api/portal/tenant-score/route.ts","175","requireAuth;requireRoles","tenantScore;dueAmount;tenantTask","@/lib/auth/guard;@/lib/prisma","false"
"/api/portal/tenant-v2","GET","app/api/portal/tenant-v2/route.ts","111","requireAuth;requireRoles","user;tenantAlert;tenantTask;dueAmount;tenantScore","@/lib/auth/guard;@/lib/prisma;@/lib/portal/contractsForUser","false"
"/api/portal/tenant","GET","app/api/portal/tenant/route.ts","45","requireAuth","user;bookingStorage","@/lib/auth/guard;@/lib/prisma;@/lib/portal/contractsForUser","false"
"/api/scan/[userId]","GET","app/api/scan/[userId]/route.ts","119","rateLimit","user;property;propertyBooking","@/lib/prisma;@/lib/rate-limit","false"
"/api/scan/contact/[contactId]","GET","app/api/scan/contact/[contactId]/route.ts","87","rateLimit","addressBookContact;user","@/lib/data/addressBook;@/lib/prisma;@/lib/server/addressBookDbCompat;@/lib/rate-limit","false"
"/api/scan/property/[id]","GET","app/api/scan/property/[id]/route.ts","129","","","@/lib/data/properties","false"
"/api/settings/accounting-fiscal","GET|POST","app/api/settings/accounting-fiscal/route.ts","33","requireAuth;requireRoles","","@/lib/auth/guard;@/lib/server/repositories/appSettingsRepo","false"
"/api/settings/ads","GET|POST","app/api/settings/ads/route.ts","31","requireAuth;requireRoles","","@/lib/auth/guard;@/lib/server/repositories/appSettingsRepo","false"
"/api/settings/bank-accounts","GET|POST","app/api/settings/bank-accounts/route.ts","33","requireAuth;requireRoles","","@/lib/auth/guard;@/lib/server/repositories/appSettingsRepo","false"
"/api/settings/booking-cancellation-requests","GET|POST","app/api/settings/booking-cancellation-requests/route.ts","33","requireAuth;requireRoles","","@/lib/auth/guard;@/lib/server/repositories/appSettingsRepo","false"
"/api/settings/booking-checks","GET|POST","app/api/settings/booking-checks/route.ts","33","requireAuth;requireRoles","","@/lib/auth/guard;@/lib/server/bookingChecksServer;@/lib/server/repositories/bookingCheckStorageRepo","false"
"/api/settings/booking-documents","GET|POST","app/api/settings/booking-documents/route.ts","40","requireAuth;requireRoles","","@/lib/auth/guard;@/lib/data/bookingDocuments;@/lib/server/repositories/bookingDocumentStorageRepo","false"
"/api/settings/booking-terms","GET|POST","app/api/settings/booking-terms/route.ts","30","requireAuth;requireRoles","","@/lib/auth/guard;@/lib/server/repositories/appSettingsRepo","false"
"/api/settings/communication-templates","GET|POST","app/api/settings/communication-templates/route.ts","46","requireAuth;requireRoles","","@/lib/auth/guard;@/lib/server/repositories/appSettingsRepo;@/lib/data/communicationTemplates","false"
"/api/settings/company-data","GET|POST","app/api/settings/company-data/route.ts","30","requireAuth;requireRoles","","@/lib/auth/guard;@/lib/server/repositories/appSettingsRepo","false"
"/api/settings/contact-category-permissions","GET|POST","app/api/settings/contact-category-permissions/route.ts","32","requireAuth;requireRoles","","@/lib/auth/guard;@/lib/server/repositories/appSettingsRepo","false"
"/api/settings/contract-checks","GET|POST","app/api/settings/contract-checks/route.ts","33","requireAuth;requireRoles","","@/lib/auth/guard;@/lib/server/repositories/appSettingsRepo","false"
"/api/settings/dashboard","GET|POST","app/api/settings/dashboard/route.ts","34","","","@/lib/server/authSecret;@/lib/server/repositories/appSettingsRepo","false"
"/api/settings/document-templates","GET|POST","app/api/settings/document-templates/route.ts","32","requireAuth;requireRoles","","@/lib/auth/guard;@/lib/server/repositories/appSettingsRepo","false"
"/api/settings/print-options","GET|POST","app/api/settings/print-options/route.ts","32","requireAuth;requireRoles","","@/lib/auth/guard;@/lib/server/repositories/appSettingsRepo","false"
"/api/settings/property-landlords","GET|POST","app/api/settings/property-landlords/route.ts","32","requireAuth;requireRoles","","@/lib/auth/guard;@/lib/server/repositories/appSettingsRepo","false"
"/api/settings/property-overrides","GET|POST","app/api/settings/property-overrides/route.ts","30","requireAuth;requireRoles","","@/lib/auth/guard;@/lib/server/repositories/appSettingsRepo","false"
"/api/settings/report-schedules","GET|POST","app/api/settings/report-schedules/route.ts","35","requireAuth;requireRoles","","@/lib/auth/guard;@/lib/server/repositories/appSettingsRepo;@/lib/data/reportSchedules","false"
"/api/settings/site-content","GET|POST","app/api/settings/site-content/route.ts","36","requireAuth;requireRoles","","@/lib/auth/guard;@/lib/server/repositories/appSettingsRepo;@/lib/data/siteContent","false"
"/api/settings/site-visibility","GET|POST","app/api/settings/site-visibility/route.ts","30","requireAuth;requireRoles","","@/lib/auth/guard;@/lib/server/repositories/appSettingsRepo","false"
"/api/signature-request/[token]","GET|POST|PATCH","app/api/signature-request/[token]/route.ts","248","rateLimit","bookingStorage","@/lib/prisma;@/lib/signatureRequests;@/lib/rate-limit;@/lib/server/bookingStorageCrypto","false"
"/api/signature-request/create","POST","app/api/signature-request/create/route.ts","124","","bookingStorage","@/lib/prisma;@/lib/signatureRequests;@/lib/server/authSecret;@/lib/server/bookingStorageCrypto","false"
"/api/stats","GET","app/api/stats/route.ts","38","rateLimit","","@/lib/rate-limit;@/lib/server/siteStats;@/lib/siteStatsConstants","false"
"/api/subscriptions/change-requests","GET|PATCH","app/api/subscriptions/change-requests/route.ts","112","","subscriptionChangeRequest;plan;user;subscription","@/lib/server/authSecret;@/lib/prisma","false"
"/api/subscriptions/check","POST","app/api/subscriptions/check/route.ts","34","requireAuth","","@/lib/auth/guard;@/lib/subscriptions/entitlements","false"
"/api/subscriptions/me/cancel-change-request","POST","app/api/subscriptions/me/cancel-change-request/route.ts","45","","subscription;subscriptionChangeRequest","@/lib/server/authSecret;@/lib/prisma","true"
"/api/subscriptions/me/change-with-payment","POST","app/api/subscriptions/me/change-with-payment/route.ts","360","","user;subscriptionHistory;subscription;subscriptionChangeRequest","@/lib/server/authSecret;@/lib/prisma;@/lib/accounting/data/dbService","true"
"/api/subscriptions/me/receipt/[documentId]","GET","app/api/subscriptions/me/receipt/[documentId]/route.ts","49","","subscription;subscriptionHistory","@/lib/server/authSecret;@/lib/prisma;@/lib/accounting/data/dbService","true"
"/api/subscriptions/me","GET|POST","app/api/subscriptions/me/route.ts","412","","subscriptionChangeRequest;plan;subscriptionHistory;subscription","@/lib/server/authSecret;@/lib/prisma;@/lib/accounting/data/dbService;@/lib/server/httpCacheHeaders","true"
"/api/subscriptions/me/upgrade-quote","GET","app/api/subscriptions/me/upgrade-quote/route.ts","77","","subscription;plan","@/lib/server/authSecret;@/lib/prisma;@/lib/accounting/data/dbService","true"
"/api/subscriptions/refund-done","POST","app/api/subscriptions/refund-done/route.ts","42","","","@/lib/server/authSecret;@/lib/server/repositories/appSettingsRepo","true"
"/api/subscriptions","GET|POST","app/api/subscriptions/route.ts","356","requireAuth;requireRoles","user;plan;subscriptionChangeRequest;subscriptionHistory;subscription","@/lib/prisma;@/lib/accounting/data/dbService;@/lib/auth/guard;@/lib/server/repositories/appSettingsRepo;@/lib/server/httpCacheHeaders","true"
"/api/subscriptions/upgrade","POST","app/api/subscriptions/upgrade/route.ts","62","requireAuth;requireRoles","user;plan;subscription","@/lib/auth/guard;@/lib/prisma;@/lib/audit","false"
"/api/translate","GET","app/api/translate/route.ts","43","rateLimit","","@/lib/rate-limit","false"
"/api/upload/accounting","POST","app/api/upload/accounting/route.ts","43","","","@/lib/api-guard","false"
"/api/upload/booking-documents","POST","app/api/upload/booking-documents/route.ts","79","originCheck","bookingDocumentFile","@/lib/prisma;@/lib/server/requestOrigin;@/lib/api-guard;@/lib/server/documentAccessToken","false"
"/api/upload/booking-documents/serve/[id]","GET","app/api/upload/booking-documents/serve/[id]/route.ts","44","","bookingDocumentFile","@/lib/prisma;@/lib/server/authSecret;@/lib/server/documentAccessToken","false"
"/api/upload/company","POST","app/api/upload/company/route.ts","42","","","@/lib/api-guard","false"
"/api/upload","POST","app/api/upload/route.ts","38","","","@/lib/api-guard","false"
"/api/user/linked-contact","GET|PATCH","app/api/user/linked-contact/route.ts","300","","user;addressBookContact","@/lib/auth/getAuthSubFromRequest;@/lib/prisma;@/lib/server/addressBookIdentity;@/lib/server/addressBookDedupe;@/lib/server/syncUserToAddressBook;@/lib/server/addressBookContactUpsert;@/lib/server/httpCacheHeaders;@/lib/server/ensureAddressBookForUser;@/lib/server/applyUserIdentityToContactJson","false"
"/api/verify-credentials","GET|POST","app/api/verify-credentials/route.ts","27","","","","false"
"/api/webhooks/payment","POST|GET","app/api/webhooks/payment/route.ts","264","","","@/lib/payment/accounting-link;@/lib/payment/manager","true"
"/api/webhooks/thawani","POST","app/api/webhooks/thawani/route.ts","70","rateLimit","","@/lib/server/completePendingPayment;@/lib/server/repositories/paymentPendingRepo;@/lib/server/envValidation;@/lib/security;@/lib/rate-limit","false"
